CCD	PDB_count
5CM	172
8OG	90
BRU	64
CCC	50
CBR	49
DOC	49
5BU	39
CBV	35
0C	24
5IU	24
6MA	22
OMG	21
A23	14
A2M	14
UMS	14
2DA	13
H2U	13
6MZ	12
6OG	12
DDG	12
2DT	11
1MA	10
5FC	9
G46	9
MA7	9
OMC	9
OMU	9
BGM	8
C38	8
C49	8
SSU	7
UCL	7
UFR	7
64T	6
G49	6
126	5
AS	5
PSU	5
UFP	5
5MC	4
C45	4
CSL	4
G36	4
IU	4
MG1	4
SC	4
U36	4
USM	4
125	3
5HU	3
5MU	3
A47	3
A5M	3
ATM	3
C34	3
FHU	3
O2G	3
P	3
2BT	2
3DA	2
7DA	2
7GU	2
A3P	2
A40	2
C46	2
GS	2
KAG	2
P2U	2
SRA	2
T5O	2
TDY	2
US2	2
XUA	2
ZDU	2
0DT	1
127	1
1SC	1
2AT	1
2AU	1
2GT	1
2MU	1
2NT	1
2OT	1
3ME	1
4SC	1
5CG	1
5FU	1
5NC	1
5SE	1
70U	1
77Y	1
8AA	1
8DT	1
AVC	1
B8T	1
BOE	1
C2S	1
C36	1
C37	1
CTG	1
DDN	1
FMU	1
G31	1
G47	1
GMS	1
GMU	1
M2G	1
M5M	1
MCY	1
MRG	1
P2T	1
PGN	1
PGP	1
PST	1
S2M	1
S6G	1
SMT	1
T32	1
T38	1
T39	1
T48	1
T49	1
TCP	1
TFE	1
U23	1
U31	1
U33	1
U37	1
UD5	1
